<?xml version="1.0" encoding="UTF-8" standalone="yes"?>
<ns2:ExportManifest xmlns:ns2="http://www.pentaho.com/schema/">
    <ExportManifestInformation exportDate="08-01-2017 05:02:58 BDT" exportBy="admin" rootFolder="/home/ASD/" manifestVersion="2"/>
    <ExportManifestEntity path="ablls.cda">
        <ExportManifestProperty>
            <EntityMetaData name="ablls.cda" createdDate="2016-12-26T14:49:55.518+06:00" isFolder="false" path="ablls.cda" isHidden="false" locale="en_US" title="ablls.cda"/>
        </ExportManifestProperty>
        <ExportManifestProperty>
            <EntityAcl>
                <entriesInheriting>true</entriesInheriting>
                <owner>admin</owner>
                <ownerType>USER</ownerType>
            </EntityAcl>
        </ExportManifestProperty>
    </ExportManifestEntity>
</ns2:ExportManifest>
