<?xml version="1.0" encoding="UTF-8" standalone="yes"?>
<ns2:ExportManifest xmlns:ns2="http://www.pentaho.com/schema/">
    <ExportManifestInformation exportDate="08-01-2017 05:01:51 BDT" exportBy="admin" rootFolder="/home/admin/" manifestVersion="2"/>
    <ExportManifestEntity path="Cockpit.wcdf">
        <ExportManifestProperty>
            <EntityMetaData name="Cockpit.wcdf" createdDate="2016-12-11T15:57:35.887+06:00" isFolder="false" path="Cockpit.wcdf" isHidden="false" locale="en_US" description="Cockpit" title="Cockpit"/>
        </ExportManifestProperty>
        <ExportManifestProperty>
            <EntityAcl>
                <entriesInheriting>true</entriesInheriting>
                <owner>admin</owner>
                <ownerType>USER</ownerType>
            </EntityAcl>
        </ExportManifestProperty>
    </ExportManifestEntity>
</ns2:ExportManifest>
