<?xml version="1.0" encoding="UTF-8" standalone="yes"?>
<ns2:ExportManifest xmlns:ns2="http://www.pentaho.com/schema/">
    <ExportManifestInformation exportDate="08-01-2017 05:01:36 BDT" exportBy="admin" rootFolder="/home/admin/" manifestVersion="2"/>
    <ExportManifestEntity path="PopUpComponentExample.cdfde">
        <ExportManifestProperty>
            <EntityMetaData name="PopUpComponentExample.cdfde" createdDate="2016-12-19T15:41:06.190+06:00" isFolder="false" path="PopUpComponentExample.cdfde" isHidden="false" locale="en_US" title="PopUpComponentExample"/>
        </ExportManifestProperty>
        <ExportManifestProperty>
            <EntityAcl>
                <entriesInheriting>true</entriesInheriting>
                <owner>admin</owner>
                <ownerType>USER</ownerType>
            </EntityAcl>
        </ExportManifestProperty>
    </ExportManifestEntity>
</ns2:ExportManifest>
