<?xml version="1.0" encoding="UTF-8" standalone="yes"?>
<ns2:ExportManifest xmlns:ns2="http://www.pentaho.com/schema/">
    <ExportManifestInformation exportDate="08-01-2017 05:03:29 BDT" exportBy="admin" rootFolder="/home/ASD/" manifestVersion="2"/>
    <ExportManifestEntity path="Probe.cdfde">
        <ExportManifestProperty>
            <EntityMetaData name="Probe.cdfde" createdDate="2016-12-21T15:21:14.466+06:00" isFolder="false" path="Probe.cdfde" isHidden="false" locale="en_US" title="Probe.cdfde"/>
        </ExportManifestProperty>
        <ExportManifestProperty>
            <EntityAcl>
                <entriesInheriting>true</entriesInheriting>
                <owner>admin</owner>
                <ownerType>USER</ownerType>
            </EntityAcl>
        </ExportManifestProperty>
    </ExportManifestEntity>
</ns2:ExportManifest>
