<?xml version="1.0" encoding="UTF-8" standalone="yes"?>
<ns2:ExportManifest xmlns:ns2="http://www.pentaho.com/schema/">
    <ExportManifestInformation exportDate="08-01-2017 05:03:08 BDT" exportBy="admin" rootFolder="/home/ASD/" manifestVersion="2"/>
    <ExportManifestEntity path="BLA Dashboard.wcdf">
        <ExportManifestProperty>
            <EntityMetaData name="BLA Dashboard.wcdf" createdDate="2016-12-21T15:20:54.553+06:00" isFolder="false" path="BLA Dashboard.wcdf" isHidden="false" locale="en_US" title="BLA Dashboard"/>
        </ExportManifestProperty>
        <ExportManifestProperty>
            <EntityAcl>
                <entriesInheriting>true</entriesInheriting>
                <owner>admin</owner>
                <ownerType>USER</ownerType>
            </EntityAcl>
        </ExportManifestProperty>
    </ExportManifestEntity>
</ns2:ExportManifest>
