<?xml version="1.0" encoding="UTF-8" standalone="yes"?>
<ns2:ExportManifest xmlns:ns2="http://www.pentaho.com/schema/">
    <ExportManifestInformation exportDate="08-01-2017 05:03:26 BDT" exportBy="admin" rootFolder="/home/ASD/" manifestVersion="2"/>
    <ExportManifestEntity path="Probe.cda">
        <ExportManifestProperty>
            <EntityMetaData name="Probe.cda" createdDate="2016-12-21T15:21:14.339+06:00" isFolder="false" path="Probe.cda" isHidden="false" locale="en_US" title="Probe.cda"/>
        </ExportManifestProperty>
        <ExportManifestProperty>
            <EntityAcl>
                <entriesInheriting>true</entriesInheriting>
                <owner>admin</owner>
                <ownerType>USER</ownerType>
            </EntityAcl>
        </ExportManifestProperty>
    </ExportManifestEntity>
</ns2:ExportManifest>
