<?xml version="1.0" encoding="UTF-8" standalone="yes"?>
<ns2:ExportManifest xmlns:ns2="http://www.pentaho.com/schema/">
    <ExportManifestInformation exportDate="08-01-2017 05:02:52 BDT" exportBy="admin" rootFolder="/home/ASD/" manifestVersion="2"/>
    <ExportManifestEntity path="ablls.wcdf">
        <ExportManifestProperty>
            <EntityMetaData name="ablls.wcdf" createdDate="2016-12-26T14:46:46.230+06:00" isFolder="false" path="ablls.wcdf" isHidden="false" locale="en_US" title="ablls"/>
        </ExportManifestProperty>
        <ExportManifestProperty>
            <EntityAcl>
                <entriesInheriting>true</entriesInheriting>
                <owner>admin</owner>
                <ownerType>USER</ownerType>
            </EntityAcl>
        </ExportManifestProperty>
    </ExportManifestEntity>
</ns2:ExportManifest>
