<?xml version="1.0" encoding="UTF-8" standalone="yes"?>
<ns2:ExportManifest xmlns:ns2="http://www.pentaho.com/schema/">
    <ExportManifestInformation exportDate="08-01-2017 05:02:15 BDT" exportBy="admin" rootFolder="/home/admin/" manifestVersion="2"/>
    <ExportManifestEntity path="KPI Dashboard.cdfde">
        <ExportManifestProperty>
            <EntityMetaData name="KPI Dashboard.cdfde" createdDate="2016-12-07T18:30:18.606+06:00" isFolder="false" path="KPI Dashboard.cdfde" isHidden="false" locale="en_US" title="KPI Dashboard.cdfde"/>
        </ExportManifestProperty>
        <ExportManifestProperty>
            <EntityAcl>
                <entriesInheriting>true</entriesInheriting>
                <owner>admin</owner>
                <ownerType>USER</ownerType>
            </EntityAcl>
        </ExportManifestProperty>
    </ExportManifestEntity>
</ns2:ExportManifest>
