<?xml version="1.0" encoding="UTF-8" standalone="yes"?>
<ns2:ExportManifest xmlns:ns2="http://www.pentaho.com/schema/">
    <ExportManifestInformation exportDate="08-01-2017 05:02:25 BDT" exportBy="admin" rootFolder="/home/admin/" manifestVersion="2"/>
    <ExportManifestEntity path="Monthly Dashboard.cda">
        <ExportManifestProperty>
            <EntityMetaData name="Monthly Dashboard.cda" createdDate="2016-12-03T20:44:21.869+06:00" isFolder="false" path="Monthly Dashboard.cda" isHidden="false" locale="en_US" title="Monthly Dashboard.cda"/>
        </ExportManifestProperty>
        <ExportManifestProperty>
            <EntityAcl>
                <entriesInheriting>true</entriesInheriting>
                <owner>admin</owner>
                <ownerType>USER</ownerType>
            </EntityAcl>
        </ExportManifestProperty>
    </ExportManifestEntity>
</ns2:ExportManifest>
